text,sentiment
Mohon maaf atas ketidaknyamanannya ğŸ™,netral
"rusak kmu ini ee ksian pe panas tong drumah kmu kse mati subuh""",negatif
Tai Memang Kamu Tinggal Mo mati turus kamu bikin luwuk tedek nanti bulan puasa baru mo mati manyala apalgi dekat buka sementara buka dekat sahur abis sahur bagitu turus kamu banya alasan ada gangguan tede lanya' kamu TELAT BAYAR MATI BAGITU SO DI BAYAR SEENAAKNYA BAKASE MATI syukur di Luwuk di luar sulawesi kamu pe kalakuan bagini abis kamu di togor,negatif
@layananplnluwuk ini mau berbuka Puasa Lampunya MatiğŸ™ˆğŸ™ˆğŸ™ˆğŸ™ˆğŸ™„ğŸ™„ğŸ™„ada apa ini...Selama bulan ramadhan SDH lebih dari 10 X Mati LAMPUUU,negatif
Adoh..,negatif
Terbaik,positif
@layananplnluwuk Min...kalau bisa Update juga terkait kondisi di lapangan setiap adanya Pemadaman...giliran urusan tagihan PLN dan sangsi baru update,negatif
"@budhy_kaget Baik Pak, kami akan update terkait pemadaman juga. Terima kasih masukannya ğŸ™",positif
Terima kasih infonya ğŸ™ğŸ»,positif
Siap..terimakasih infonya,positif
Siap,positif
"Saya mau nanya min,apakah daftar pasang baru lewat online sendiri itu lama,beda lewat orang atau kantor ulp terdekat? Saya daftar online blm di proses printah kerja,sedngkan lewat orang 1 hari sudah di proses ? Mksh min ... @plnsuluttenggo @pln_id",negatif
DM MIN,netral
"HAI SOBATKOM!
INILAH SALAH SATU TEMPAT WISATA TERFAVORIT MASYARAKAT KAB. BANGGAI ""PANTAI KILO 5"" KECAMATAN LUWUK SELATAN.

#pemkabbanggai
#wonderfulbanggai",positif
Wonderful banggaiğŸ”¥,positif
KerennnnğŸ˜ğŸ˜ğŸ˜,positif
Menyala kota kuuuuuu ğŸ”¥ğŸ”¥ğŸ”¥â¤ï¸â¤ï¸,positif
ğŸ”¥ğŸ”¥ğŸ”¥ğŸ”¥,positif
ğŸ˜ğŸ˜,positif
menyalaağŸ”¥,positif
BEST!! ğŸ‘ğŸ»ğŸ˜ğŸ”¥,positif
ğŸ˜»ğŸ˜»,positif
MELEDAKğŸ”¥,positif
ğŸ”¥ğŸ”¥ğŸ”¥,positif
MANTAPğŸ”¥ğŸ”¥,positif
ğŸ‘ğŸ‘ğŸ‘,positif
KereennğŸ˜ğŸ”¥ğŸ”¥,positif
Keren,positif
Semoga Husnul khatimah,positif
Turut B'duka cita,netral
"Innalillaahi wainna ilaihi Roojiâ€™uun
Semoga diterima amal ibadahnya, diampuni dosa2nya, dilapangkan kuburannya dan keluarga yg ditinggalkan selalu ikhlas dan tabah
Aamiin",positif
Turut Berduka citağŸ™ğŸ»,netral
Turut berdukacita,netral
ğŸ˜­ğŸ˜­ğŸ˜­ğŸ˜‡,netral
Innalillahi wainna illaihi rojiun,netral
ğŸ”¥ğŸ”¥â¤ï¸â¤ï¸,netral
yg penting so dtau,netral
Kereeen ğŸ˜ğŸ˜ğŸ˜,positif
ğŸ˜¢ğŸ˜¢ğŸ˜¢ğŸ˜¢ğŸ˜¢,negatif
â¤ï¸,positif
ğŸ˜¢ğŸ˜,positif
ğŸ˜¢ğŸ‘ğŸ»,positif
ğŸ˜ğŸ˜ğŸ˜,positif
ğŸ˜,positif
ğŸ”¥ğŸ˜,positif
â¤ï¸â¤ï¸,positif
ini amanah anak smea??,netral
ğŸ”¥ğŸ”¥,positif
ğŸ”¥,positif
ğŸ˜¢ğŸ˜¢ğŸ˜¢ğŸ˜¢,positif
ğŸ”¥ğŸ‘,positif
kerenğŸ”¥,positif
kau punya aktoorr @chelssyaoktaviana_ @balbal_bal97 ğŸ˜ğŸ˜ğŸ”¥ğŸ”¥,positif
@abdhygunawan eakkkkğŸ”¥â¤ï¸,positif
â¤ï¸ğŸ”¥,positif
ğŸ”¥â¤ğŸ‘ğŸ™Œ,positif
ğŸ¥°ğŸ¥°â¤â€ğŸ”¥,positif
ğŸ‘ğŸ‘ğŸ‘ğŸ‘,positif
@chelssyaoktaviana_ memey jn berharga kamera yaaağŸ¤£ğŸ˜­,positif
@aldilaniada_ viruss yg sulit di hilangkan itu behhğŸ˜­,positif
KerennnğŸ”¥ğŸ”¥,positif
Mode amanah ini ka @reksarindra ğŸ˜‚,positif
ğŸ˜ğŸ™Œ,positif
ğŸ‘â¤ï¸,positif
Nice ğŸ”¥ğŸ”¥,positif
ğŸ˜¢ğŸ”¥,positif
Menyala mantapğŸ”¥ğŸ”¥,positif
â¤ï¸ğŸ‘ğŸ˜,positif
ğŸ”¥â¤ï¸,positif
sial malah gua hampir sedih lihat lu puk di sorakin ğŸ˜‚,positif
ğŸ˜ğŸ˜ğŸ˜ğŸ˜ğŸ”¥,positif
ğŸ« ğŸ« ,positif
ğŸ¥ºğŸ¥ºğŸ¥º,positif
Maa syaa Allah ğŸ¤©,positif
â¤ï¸â¤ï¸â¤ï¸,positif
ğŸ™Œ,positif
ğŸ‘ğŸ”¥,positif
ğŸ”¥ğŸ™Œ,positif
KasianğŸ˜¢,negatif
@ddhryntoo bang udah bang,negatif
@ddhryntoo Huss jgan gitu dong ğŸ˜‚,negatif
@ddhryntoo belum juga balik modal kasian,negatif
Kasian sudah bayar mahal bahkan sampai jual sawah atau kebun ğŸ˜¢,negatif
@aguriawankm_97 mahkotamu king ğŸ‘‘ masih Di Packing Di JNE Bonebula ğŸ˜‚,positif
"@aguriawankm_97 itu sudah resiko nya, jng gitu jd aparat seenak jidat mau berbuat apa. Udah di pecat gitu baru tau rasa.",negatif
@aguriawankm_97 sapa suruh makan uang haram,negatif
Kenapa asn pns tidak dibeginikan juga ya? Banyak pns yg tidak bisa kerja. Cuma datang nongol warkop. Harudnya yg seperti itu dipecat saja. Ngapain diselamatkan karna kasian. Ganti dengan pns2 muda yg masih bisa dibina,negatif
@kodoka.5655 Kalau ASN tidak semudah itu Kak. Sudah tertuang dalam peraturan yang ada. Alhamdulillah ditempat kerjaku ASN tidak ada yang cuman datang nongol di warkop doang.,negatif
"@utami_fitriyah asn begitu biasanya di buang ke kelurahan. Makin jadilah dia dikelurahan. Makanya pelayanan kelurahan itu selalu dikeluhkan padahal kelurahan itu yg paling banyak berurusan dengan masyarakat. Harusnya langsung pecat saja, tidak perlu di buang2. Sekarang pecat asn sudah mudah, nilai skp rendah sudah bisa jadi alasan pemecatan. Sekian hari tidak masuk sudah bisa dipecat. Memang dasar pimpinannya yg tidak mau karna kasian. Sudah cuma nongkrong tidak ada kerja, eh pas penilaian skp malah dikasih nilai baik terus",negatif
@kodoka.5655 Untung aku bukan ASN pemda atau provinsi jadi tidak ada yang begitu. Kalau malas langsung mutasi ke pelosok contohnya di Pegunungan Jayawijaya sana.,negatif
Angsurannya bgmn kasihan,negatif
"@multazamst sampean orang leasing, bank atau balai lelangğŸ˜‚",negatif
POLDA SULTENG SEMAKIN BERANIğŸ”¥ğŸ”¥ğŸ”¥,positif
@andreasrevanth saya dukung dengan keberaniannyağŸ‘ğŸ‘ğŸ‘ğŸ‘,positif
BersihÂ² alhamdulillah... Punya temanÂ² yg aktif di kepolisian mereka orang baik dan sholeh. Semoga mereka jadi teladan di masyarakat.,positif
Nda usa dipecat.. Pindh tugas sj dipapua ksh baku hantam sm KKBğŸ˜‚ğŸ˜‚,negatif
"Pelanggaran yg pertama disebutkan, jd alasan kenapa narkoba di sulteng masih ada dmanamana ğŸ˜‚",negatif
oknum halo dek,negatif
@crn.morinnnn betul,netral
Taja komdanğŸ˜‚,negatif
@_muttaqim_ ğŸ˜‚,positif
@sultanalbaa betul2 setuju,positif
ğŸ˜®,netral
Baguslah semoga ke depannya Polri semakin baik.. semoga berlaku juga ASN apalagi ASN P3K yg malas..salut deh ada list nama ya ?,negatif
"Alhamdulillah,sy sebagai aktivis mahasiswa dari bangkep ucapkan banyak terimah kasih",positif
Salah satu yang di pecat ğŸ‘‰ @zaliakbrr,negatif
"ehhhh cumaaa tdk hormat d pecat, kasih sanksi saja huu",negatif
"Menurut sy pribadi ini sdh bener. Biar tdk ada lagi yg namanya aturan d buat untuk di langgar. Ada yg blng kasihan sdh banyak uang keluar. Hmm seharusnya dari awal sdh berpikir panjang dampaknya nnti seperti apa. Kerugian yg mereka tanggung adalah hasil dari perbuatan mereka sendiri. Salut untuk Polda Sulteng. Semoga dengan begini Sulteng bisa bersih dari Narkobaaa, Punglii dan lainnya ğŸ™ğŸ˜",positif
Waktunya berantas korupsi dan narkobağŸ”¥ğŸ”¥ğŸ”¥,positif
32 baru yg terungkap,negatif
@ikhhwanng menyala abangkuhh ğŸ”¥ğŸ”¥,positif
Ada yg bilang kasihan ada yg bilang baguslah .. . sejujurnya pasti pimpinan berat.. tapi semua itu karena aturan yg sama sama sudah diketahui sehingga pimpinan harus katakan yg benar,netral
Salfok dgn pelanggaran yg disebutkan pertama,negatif
"Klo so berungkali berulah yah wajar, tapi klo baru 1-2x mungkin msih bisa dibicarakan .",negatif
"Melanggar kode etik polri aja bisa di PTDH, apalagi kode etik MK ğŸ˜‚ğŸ˜‚ğŸ˜‚ğŸ˜‚ wkwkwkw",negatif
Yg sdah smpai 2x melakukan pelanggaran yg pertama masih aman2 aja tuhğŸ¤§,negatif
Bersihkan pakğŸ‘,positif
Kenapa bisa d pecat ğŸ˜¢???,negatif
"Bersihkan oknum polisi yang jadi Bandar S4bu-S4bu, masih banyak.",positif
ğŸ‘keren,positif
astaghfirullahaladzim ğŸ˜¢,negatif
"Kasian karena sudah jual apa-apa biar bisa masuk, tapi ini bagus pembersihan oknum",negatif
Ini mihh sudah lantaran modal seragam ji jadi se enaknya bekeng kelakuan ğŸ˜¢,negatif
Kalimantan apa kabarğŸ”¥,positif
"Mantap. Pertahankan, dibina, di apresiasi, PolisiÂ² yg baik. BersihÂ² terhadap Polisi Jahat, yg mempermalukan institusi.",positif
Boleh sebut nama n kota nya,netral
Polda Sulteng keren.. bangga punya adik2 polisi ğŸ˜ğŸ‘,positif
good and clear,positif
knp kh itu,netral
Banyak yg ingin masuk... Tapi tak kesampaian.. Yg lebih berprestasi...,negatif
Bah baru sebagian saja ini.,negatif
"Mantap,, itu oknum oknum yg buat polisi jdi buruk dipecat sja pak ğŸ™ğŸ˜‡ğŸ˜.",positif
ğŸ‘ğŸ‘ğŸ‘ğŸ‘ğŸ‘ğŸ‘,positif
"Susah masuk ""mungkin"" sampai lobi sana sini, setelah jadi dan bertugas malah disia2kan, rugi donkğŸ˜Š",negatif
Banyaknya pentingnya bersyukur,positif
"Gampang masuknya, keluarnya pun gampang,",negatif
The real msuk nya setengah mati.. kluar ny setengah gila ğŸ˜¢,negatif
"â€œberulangâ€ tanda klo itu karakter, yok kembalikan marwahnya!ğŸ”¥",positif
Selepas dinas status mereka jadi warga sipil. Mohon pak tetap di pantau agar kiranya tda melakukan hal2 melanggar hukum dalam bermasyarakatğŸ™,netral
Redup abangku,negatif
Polda bangkitt ğŸ”¥ğŸ‘,positif
Termasuk @mprabows dgn @wawankarim_ dpt pecat jg ğŸ˜‚,negatif
@sandyfebriansyahlodik ğŸ˜­ğŸ˜­ğŸ˜­ğŸ˜­,negatif
Narkoba merajai Sulteng,negatif
Izin share kağŸ¤—,positif
Indahnya desakuâ¤ï¸â˜ºğŸ™,positif
"Kades bgini cocoknya seumur hidup, selagi dy mampu memimpin bukan malah diganti dan dicariÂ² kesalahnyaâ¤ï¸ğŸ‘",positif
"@sandhy_primadana12 betul, terkadang yg mencari kesalahan itu adalah lawan politiknya.",positif
"@putra_banggai070783 yaa, tp sebagai msyarakat sbenarnya harus cerdas memilih pemimpin yg mana yg mampu memimpin dan mampu mensejahterakan rakyat.",positif
Cocok jadi presiden. Dana BUMN nnt bisa untuk rakyat Indonesia ğŸ˜‚,positif
Keren BUMDES nya ğŸ‘ğŸ‘,positif
Naini baru!! menyala pak kades ğŸ˜…â¤ï¸â€ğŸ”¥,positif
Menyala pak kadessğŸ”¥,positif
"kalau kades di kampung mantanku daerah dolo barat sebelum desa pegunungan, Arah mau ke Kaleke. beh, Dana Desa cuma dia kasih keluarganya semua",negatif
ğŸ”¥ğŸ™ŒğŸ‘ğŸ‘ğŸ‘,positif
Andai semua bisa spt ini.... ğŸ˜¢,positif
"Kalau kades di kampung mantanku daerah dolo barat, sebelum desa pewunu kalau dari Kota Palu, beh dana desanya atau bantuan pemerintah cman masuk di keluarganya semua, sama orang orang terdekat, baru tidak tepat sasaran dia bilang, ktnya mantanku bnyk yg berhak tapi tidak dapat..",negatif
Contoh kepala desa yg kerja,positif
"Mending deket aja, pulang kampung dari banggai laut ke jakarta cape banget jiwa raga kami. Eh ini pulkam apa pulkot ya ğŸ˜‚ğŸ˜‚",negatif
pulkotğŸ¤£,positif
iya ya pulkot ğŸ˜‚ğŸ˜‚ğŸ˜‚,positif
wah d jkt jg,netral
Dimana nih kk,netral
ğŸ™‹ 5 menit smpai ğŸ˜‚,positif
Bener banget iniğŸ˜‚,positif
Tdk berlaku bagi andahhh yahhhh @hawiyah_hanafi ğŸ˜‚,negatif
@iithaa___ tdklahğŸ˜‚,negatif
@hawiyah_hanafi pengen cuti kerumah mertua tapi ndag tau rumahnya dimana ğŸ˜¢,negatif
aghh sudahlah. Rumah mertua masih on prosesğŸ˜‚,negatif
@hawiyah_hanafi dahlah ğŸ« ,negatif
"Cuma mau bilangâ€¦
SAYA BANGGA SAMA @puttriamallia
Tetap rendah hati dekâ€¦
Tunjukan pada indonesia kalo mutiara dikatulistiwa itu ada pada dirimuâ€¦
Putri pulo asli kebanggaan sulawesi tengah..
Tetap rendah hati yah..

Dan team nya.. kak @donalnadjil @thrymakeup selamat berjuangâ€¦. Kompetisi sebenarnya adalah melawan rasa takut akan kekalahan..
terima kasih sudah menemukan dan menunjukan kalo BANGGAI BERSAUDARA BISA DAN MAMPUâ€¦
SULTENG BANGGA PADA KALIAN",positif
Jadi mewek ğŸ¥¹ğŸ¥¹,positif
â¤â¤our putriğŸ˜,positif
Semangat cantikâ˜ºï¸,positif
ğŸ”¥ğŸ”¥ğŸ”¥ğŸ”¥ğŸ”¥ğŸ”¥,positif
â¤ï¸â€ğŸ”¥â¤ï¸â€ğŸ”¥,positif
@officialputeriindonesia @angkasamega @januarcees @kelanalimster @farhanariswari .. Keren bnget pi sulteng... Tahun depan usahakan pilih yg bener2 asli Puteri daerah seperti ini karena tahu persis kondisi Provinsi nya... Semngat... YPI and team ğŸ”¥ğŸ”¥ğŸ”¥,positif
Pak @prabowo @prabowo.gibran2 @gibran_rakabuming. Kalau naik jgn lupa ya pak untuk tempat ini sapatau bisa d bantu untuk rumah program rumah terapung,positif
Terimakasih abangabangğŸ™ğŸ¾,positif
@ichsandahcoow aamiin.. gaskeun,positif
@ichsandahcoow Batu lobang belum nih.. Yuk diulang... ğŸ¥°ğŸ¥°,positif
@arik_effendy oteweğŸš¤,positif
ğŸ˜ğŸ”¥ğŸ”¥ğŸ”¥ wajib diulang ini,positif
@sineboy.art jangan ke hapus lagi ya om footage nya ğŸ™ƒ,negatif
@roeang.kelana ğŸ¤£ğŸ¤£ğŸ¤£,positif
@sineboy.art awas ke takedown lagi ntar wkwkw,negatif
@sineboy.art waduhh ga bahaya ta ğŸ˜¬,negatif
Wajib bawa air klu ksniğŸ˜…,netral
@4rya_16 ğŸ‘ğŸ¼ğŸ‘ğŸ¼,positif
@roeang.kelana Tinggal kenanganğŸ˜¢,negatif
@dk_wck ayoo cepet balikkkkk sini ğŸ˜¬,positif
Adakah ajakan tanpa wacanağŸ˜­ğŸ˜­,negatif
Kereeeen,positif
Exploring Indonesia is always a good idea! #ExploreIndonesia ğŸ‡²ğŸ‡¨,positif
@exploreindonesia ğŸ“ğŸ‡®ğŸ‡© too beautiful,positif
@roeang.kelana yook bareng ğŸ¤­,positif
ğŸ˜Š,positif
"@vhytaadam cieeee sampe merah pipinya @dk_wck @willy_photograph @syidiqabubakar , BODO AMAAAT ğŸ¤£",positif
@sineboy.art masih terngiang ngiang do amaaat,negatif
@sineboy.art skrng d ruangannya lagi senyumâ€ sndiri kayanya,positif
@vhytaadam aww aww awwww merinding ehkk,positif
"@vhytaadam do amat ini, Bodo amat apa Valdo amat? Wkwkwk",negatif
@vhytaadam Nekat kooomeenn di lapak ini ğŸ˜‚,negatif
@sineboy.art si dodo amat kyk nya gus,negatif
@vhytaadam ibih so jago berenang e,negatif
Ini dalamnya sekitar berapa meter?,netral
"@allandferdinand ,, paling dalem kemarin berapa meter kira kira om @sineboy.art ?",netral
"@roeang.kelana 2 meteran kayanya bang, kalo gak 2m ya 2km lah kira2 ğŸ¤£",netral
Yoooâ€™ bisa yoooâ€™ bisa balik,positif
@ra_fitry km kangen sama valdo ya?ğŸ˜‚,positif
Seindah ituuğŸ˜,positif
@hens4m hayu kang.. kudu kadieuu,positif
"Cakep landscape nya, next hrs kesini",positif
Surga tersembunyi ğŸ˜ğŸ˜ğŸ˜ğŸ˜,positif
@adultamar betul sekali om,positif
Do baliiik doooooo,positif
@willy_photograph lusaaaa nya bah ğŸ˜…,negatif
"Sejam setengah Dari rumah, tpi seumur umur Blum pernah ksanağŸ˜‚",positif
"ğŸ¥², ga tau mau komen apa",negatif
"Balik cuk ke luwuk, klo sdh balik, Nanti aku yg balik kerumah.",positif
@hendrahermawan49 ahhh malass sudah wkkwk,negatif
Ayokk dooo....,positif
@dk_wck gas kan,positif
ğŸ”¥ğŸ”¥ğŸ”¥ ngga ada lawanğŸ˜‚,positif
Kereen â¤ï¸,positif
Part 2 deal or no deal?,positif
@coconude___ dealğŸ˜„ğŸ«¶ğŸ»,positif
Harus balik lagi ğŸ˜ğŸ˜ğŸ˜,positif
@ckusumanarwasti harussğŸ˜,positif
@azniarmc â¤ï¸â¤ï¸,positif
@mentariclara_ next time kita kesini yğŸ¥°,positif
Maaf atas ketidaknyamanan ini ğŸ™,netral
"Milikmu rusak, parah sekali hingga panas di rumahmu hilang saat fajar.",negatif
"Memang benar Mo tetap mati lalu nanti di bulan puasa baru kamu melakukan Luwuk Tedek pasti banyak yang mati, apalagi kalau mau buka, mumpung buka, pas sebelum Sahur, setelah Sahur, barulah kamu jadi banyak yang beralasan, ada gangguan, tede laya', kamu TERLAMBAT BAYAR, KAMU MATI JADI BAYAR SESUAI INGIN, BAKASE MATI, alhamdulillah di Luwuk luar Sulawesi, kamu melakukan itu setelah kamu di Togor berada",negatif
"@jasaplnluwuk mau berbuka puasa, mati lampuğŸ™ˆğŸ™ˆğŸ™ˆğŸ™ˆğŸ™„ğŸ™„ğŸ™„ apa kabar...selama ramadhan (SDH), mati lampu lebih dari 10 kali",negatif
Aduh..,negatif
Lebih disukai,positif
@jasaplnluwuk Min...kalau bisa update juga kondisi di lokasi setiap ada pemadaman listrik...Giliran anda yang urus tagihan PLN dan dendanya lalu update,negatif
"@budhy_kaget Oke pak, kami juga akan terus update terkait pemadaman tersebut. Terima kasih atas kontribusi Anda ğŸ™",positif
Terima kasih atas informasinya ğŸ™ğŸ»,positif
Menyelesaikan. Terimakasih atas infonya,positif
"Saya ingin bertanya: Apakah pendaftaran pasangan baru secara online memakan waktu lebih lama dibandingkan menghubungi orang atau kantor ulp terdekat? Saya mendaftar online sebelum perintah kerja diproses, sedangkan secara langsung diproses dalam sehari? Terima kasih min... @plnsuluttenggo @pln_id",negatif
"HEI SOBATCOM!
Ini adalah salah satu tempat wisata paling populer di kabupaten ini. BANGGAI â€œPANTAI KILO 5â€ KABUPATEN LUWUK SELATAN.

#Pemerintah Kabupaten
#wonderfulbanggai",positif
Luar biasa bisa dibanggakan akan hal ituğŸ”¥,positif
KerenğŸ˜ğŸ˜ğŸ˜,positif
Terangi kotaku ğŸ”¥ğŸ”¥ğŸ”¥â¤ï¸â¤ï¸,positif
menyalağŸ”¥,positif
LEBIH DISUKAI!! ğŸ‘ğŸ»ğŸ˜ğŸ”¥,positif
HEBATğŸ”¥ğŸ”¥,positif
KerenğŸ˜ğŸ”¥ğŸ”¥,positif
Dingin,positif
Belasungkawa,netral
"Innalillaahi wainna ilaihi Rooji'uun
Semoga amalnya diterima, dosanya diampuni, kuburnya diluaskan, dan keluarga yang ditinggalkannya selalu ikhlas dan tabah.
Amin!",positif
Saya ikut berbela sungkawa ğŸ™ğŸ»,netral
Mohon terima belasungkawa saya,netral
Yang penting kamu mengetahuinya,netral
Kereeeen ğŸ˜ğŸ˜ğŸ˜,positif
Apakah ini dana perwalian untuk semua anak Anda?,netral
Anda memiliki aktor @chelssyaoktaviana_ @balbal_bal97 ğŸ˜ğŸ˜ğŸ”¥ğŸ”¥,positif
@chelssyaoktaviana_ memey jn worth to camera yaaağŸ¤£ğŸ˜­,positif
@aldilaniada_ virus yang susah dihilangkan ehhğŸ˜­,positif
KerenğŸ”¥ğŸ”¥,positif
"Ini mode kepercayaan, @reksarindra ğŸ˜‚",positif
Bagus ğŸ”¥ğŸ”¥,positif
Senang untuk dihidupkanğŸ”¥ğŸ”¥,positif
"Sial, aku hampir sedih melihatmu disemangati ğŸ˜‚",positif
KasihanğŸ˜¢,negatif
"@ddhryntoo Gan, itu dia gan",negatif
@ddhryntoo Huss jangan seperti itu gan ğŸ˜‚,negatif
"@ddhryntoo belum mengembalikan modalnya, malangnya",negatif
"Kasihan, saya bayar mahal malah jual sawah atau kebun saya ğŸ˜¢",negatif
@aguriawankm_97 Mahkotamu adalah raja ğŸ‘‘ masih dikemas di JNE Bonebula ğŸ˜‚,positif
"@aguriawankm_97 Itu sudah resiko. Jangan biarkan pihak berwenang melakukan apa yang mereka inginkan. Saya dipecat, jadi saya tahu bagaimana rasanya.",negatif
@aguriawankm_97 Siapa suruh makan uang haram?,negatif
Mengapa para pejabat tidak melakukan hal yang sama? Banyak PNS yang tidak bisa bekerja. Saya baru saja tiba di Warkop. Orang seperti itu sebaiknya dipecat saja. Mengapa menabung karena kasihan? Penggantinya oleh PNS muda yang masih mampu mengikuti pelatihan,negatif
"@kodoka.5655 Tak semudah itu bagi ASN, Kak. Hal ini diatur dalam peraturan yang ada. Alhamdulillah di tempat kerja saya tidak ada ASN yang hanya muncul di kedai kopi.",negatif
"ASN @utami_fitriyah biasanya dibuang di kecamatan. Dia semakin banyak berada di desa. Oleh karena itu, pelayanan kelurahan selalu dikeluhkan, padahal kelurahanlah yang paling peduli dengan masyarakat. Sebaiknya kau segera memecatnya, tidak perlu membuangnya. Karena kini lebih mudah memberhentikan ASN, nilai SKP yang rendah bisa menjadi alasan pemecatan. Jika Anda tidak muncul selama beberapa hari, Anda mungkin dipecat. Memang benar pimpinan tidak menginginkan hal itu karena memalukan. Aku hanya mondar-mandir dan tidak mempunyai pekerjaan apa-apa, namun saat sampai penilaian SKP aku tetap mendapat nilai bagus",negatif
"@kodoka.5655 Untung saya bukan ASN pemerintah daerah atau provinsi, jadi tidak ada tandingannya. Kalau malas, langsung saja ke daerah terpencil, seperti Pegunungan Jayawijaya.",negatif
Sayang sekali pembayaran cicilannya seperti itu,negatif
"@multazamst kalian dari leasing, bank atau balai lelangğŸ˜‚",negatif
SULTENG POLDA JADI LEBIH BERANIğŸ”¥ğŸ”¥ğŸ”¥,positif
@andreasrevanth saya mendukung keberaniannyağŸ‘ğŸ‘ğŸ‘ğŸ‘,positif
"Bersih alhamdulillah... Saya mempunyai teman-teman yang aktif di kepolisian, mereka adalah orang-orang yang baik dan alim. Mudah-mudahan mereka menjadi teladan di masyarakat.",positif
Tidak ada alasan untuk dipecat. Baru pindah ke Papua untuk kerja tapi adu jotos dengan KKBğŸ˜‚ğŸ˜‚,negatif
Pelanggaran yang pertama menjadi alasan mengapa narkoba masih ada dimana-mana di Sulteng ğŸ˜‚,negatif
"Orang, halo Pak",negatif
@crn.morinnnn itu benar,netral
Komandan TajğŸ˜‚,negatif
@sultanalbaa sepenuhnya setuju,positif
"Baguslah, semoga kedepannya Polri lebih baik lagi.. semoga begitu juga dengan ASN, apalagi ASN P3K yang pemalas.. Senang ada daftar namanya ya?",negatif
Alhamdulillah saya sebagai aktivis mahasiswa asal Bangkep mengucapkan banyak terima kasih,positif
Salah satu yang dipecat ğŸ‘‰ @zaliakbrr,negatif
"ehhhh, tidak sopan saja memecatnya, beri sanksi saja huu",negatif
"Secara pribadi, menurut saya itu benar. Sehingga tidak ada lagi aturan yang memang ada maksudnya untuk dilanggar. Ada orang yang tidak menyesal menghabiskan banyak uang. Hmm, seharusnya Anda sudah berpikir panjang dan matang seperti apa dampaknya. Kerugian yang mereka derita adalah akibat perbuatan mereka sendiri. Salam Polda Sulawesi Tengah. Semoga dengan cara ini Sulteng bisa terbebas dari Narkoba, Pungli dan lainnya ğŸ™ğŸ˜",positif
Saatnya memberantas korupsi dan narkobağŸ”¥ğŸ”¥ğŸ”¥,positif
32 yang baru terungkap,negatif
@ikhhwang membuatku semangat kawan ğŸ”¥ğŸ”¥,positif
"Ada yang bilang sayang, ada pula yang bilang bagus.. Jujur saja pimpinannya harus tegas.. tapi ini semua karena aturan yang sama sudah diketahui, jadi pimpinan harus mengatakan hal yang benar.",netral
Salfok dengan pelanggaran pertama disebutkan,negatif
"Jika Anda bertingkah berulang kali, itu wajar, namun jika hanya terjadi satu atau dua kali, Anda mungkin masih bisa membicarakannya.",negatif
"Kalaupun melanggar Kode Etik Polri, bisa ke PTDH, apalagi Kode Etik Mahkamah Konstitusi ğŸ˜‚ğŸ˜‚ğŸ˜‚ğŸ˜‚ hahaha",negatif
Siapapun yang sudah melakukan pelanggaran pertama dua kali masih aman,negatif
Kenapa kamu dipecat ğŸ˜¢???,negatif
Membersihkan petugas polisi yang merupakan pengedar S4bu S4bu masih banyak.,positif
"Ini memalukan karena Anda harus menjual segalanya untuk bisa masuk, tapi ini adalah pembangunan kembali yang baik untuk masyarakat",negatif
Karena modal seragam membuatnya senyaman mungkin untuk melindungi perilakumu ğŸ˜¢,negatif
"Kalimantan, apa kabarmu?",positif
"Bagus sekali. Memelihara, mengembangkan dan menghargai angkatan kepolisian yang baik. Akhiri tindakan polisi buruk yang mempermalukan institusi.",positif
Bisakah Anda menyebutkan kotanya?,netral
Polda Sulteng keren...bangga punya saudara polisi ğŸ˜ğŸ‘,positif
baik dan jelas,positif
Kenapa ini?,netral
Banyak yang ingin masuk... Tapi tidak berhasil. Siapa yang lebih berprestasi...,negatif
"Ya, itu hanya sebagian saja.",negatif
"Hebat, inilah orang-orang yang membuat polisi semakin parah. Dipecat saja pak ğŸ™ğŸ˜‡ğŸ˜.",positif
"Susah datang ke lobi kesana kemari ""mungkin"", setelah selesai dan kerja sia-sia, rugi abangğŸ˜Š",negatif
Betapa pentingnya bersyukur,positif
"Masuk mudah, keluar mudah,",negatif
"Kenyataannya adalah: ketika kamu masuk, kamu setengah mati... ketika kamu keluar, kamu setengah gila ğŸ˜¢",negatif
"â€œdiulangâ€ itu tandanya itu karakter, ayo kita kembalikan karakternya!ğŸ”¥",positif
"Setelah dinas, mereka menerima status sipil. Mohon pak, terus diawasi agar tidak melakukan hal-hal yang melanggar hukum di masyarakat ğŸ™",netral
Gerhana saudaraku,negatif
Polda bangkit ğŸ”¥ğŸ‘,positif
Termasuk @mprabows dan @wawankarim_ juga bisa dipecat ğŸ˜‚,negatif
Narkoba mendominasi Sulawesi Tengah,negatif
Izin share ganğŸ¤—,positif
"Pemimpin desa yang seperti itu layak hidup, selama dia bisa memimpin, dia tidak akan tergantikan dan kesalahannya akan ditemukanâ¤ï¸ğŸ‘",positif
"@sandhy_primadana12 betul, kadang yang mencari-cari kesalahan adalah lawan politik.",positif
"@putra_banggai070783 Ya, tapi sebagai masyarakat sebenarnya kita perlu bijak dalam memilih pemimpin mana yang mampu memimpin dan meningkatkan kesejahteraan masyarakat.",positif
Cocok menjadi presiden. Dana BUMN tersedia untuk masyarakat Indonesia ğŸ˜‚,positif
BUMDESnya keren ğŸ‘ğŸ‘,positif
"Naini baru!! menyala, kepala desa ğŸ˜…â¤ï¸â€ğŸ”¥",positif
Ini dia Pak KadessğŸ”¥,positif
"Kalau kepala desa di bekas desa saya Dolo Barat berada di depan desa pegunungan, Arah ingin pergi ke Kaleke. Tidak, dia hanya memberikan seluruh uang desa kepada keluarganya",negatif
Seandainya semua bisa seperti itu.... ğŸ˜¢,positif
"Ketika kepala desa di desa mantan saya, Dolo Barat, sebelum desa Pewunu, jika dia dari kota Palu, dana desanya atau dukungan pemerintah hanya diberikan kepada keluarga dan orang-orang terdekatnya, lalu dia mengatakan bahwa dia melakukan hal tersebut. tidak mencapai tujuan, katanya banyak mantan saya yang berhak tetapi tidak bisa.",negatif
Contoh pemimpin desa yang bekerja,positif
"Lebih baik berada di dekatnya saja. Pulang ke Jakarta dari Banggai Laut, capek banget jiwa dan raga. Eh itu Pulkam atau Pulkot ğŸ˜‚ğŸ˜‚",negatif
"ya, Pulkot ğŸ˜‚ğŸ˜‚ğŸ˜‚",positif
"Wah, bahkan di Jakarta",netral
"Dimana kamu, saudari?",netral
ğŸ™‹ 5 menit lagi sampai ğŸ˜‚,positif
Ini benar sekaliğŸ˜‚,positif
Gak berlaku buat kamu yahhhh @hawiyah_hanafi ğŸ˜‚,negatif
@iithaa___ tidakğŸ˜‚,negatif
@hawiyah_hanafi mau liburan ke rumah mertuanya tapi gak tau rumahnya dimana ğŸ˜¢,negatif
Oh terserah. Rumah mertua masih dalam prosesğŸ˜‚,negatif
@hawiyah_hanafi itu dia ğŸ« ,negatif
"Aku hanya ingin mengatakan itu...
Saya bangga dengan @puttriamallia
Tetap rendah hati, saudara...
Tunjukkan pada Indonesia bahwa kamu mempunyai Mutiara Khatulistiwa...
Putri Pulo asli kebanggaan Sulawesi Tengah.
Tetap rendah hati, oke.

Dan tim... Kak @donalnadjil @thrymakeup semoga sukses... Persaingan sesungguhnya adalah melawan rasa takut akan kekalahan.
Terima kasih sudah mengetahui dan menunjukkan bahwa SAUDARA BISA DAN BISA...
SULTENG BANGGA PADAMU",positif
Jadi mengeong ğŸ¥¹ğŸ¥¹,positif
â¤â¤putri kamiğŸ˜,positif
Semangat yang indahâ˜ºï¸,positif
@officialputeriindonesia @angkasamega @januarcees @kelanalimster @farhanariswari .. Keren banget di Sulawesi Tengah... Tahun depan coba pilih Puteri daerah asli seperti ini karena kalian tahu betul keadaan provinsinya... Cheers... YPI dan tim ğŸ”¥ğŸ”¥ğŸ”¥,positif
"Pak @prabowo @prabowo.gibran2 @gibran_rakabuming. Kalau naik jangan lupa pak, bisa bantu program rumah apung untuk tempat ini",positif
Terima kasih saudarağŸ™ğŸ¾,positif
@ichsandahcoow amin.. gaskeun,positif
@ichsandahcoow Belum masuk lubang.. Ayo kita lakukan lagi... ğŸ¥°ğŸ¥°,positif
ğŸ˜ğŸ”¥ğŸ”¥ğŸ”¥ ini perlu diulang,positif
@sineboy.art jangan hapus lagi rekamannya gan ğŸ™ƒ,negatif
@ sineboy.art Hati-hati nanti ada takedown lagi hahaha,negatif
"@ sineboy.art wah, tidak berbahaya ğŸ˜¬",negatif
Di sini Anda harus membawa airğŸ˜…,netral
@roeang.kelana Hanya kenanganğŸ˜¢,negatif
@dk_wck ayo cepat kembali kesini ğŸ˜¬,positif
Apakah ada ajakan tanpa wacanağŸ˜­ğŸ˜­,negatif
Kereeen,positif
Menjelajahi Indonesia selalu merupakan ide bagus! #ExploreIndonesia ğŸ‡²ğŸ‡¾,positif
@exploreindonesia ğŸ“ğŸ‡®ğŸ‡© cantik sekali,positif
@roeang.kelana ayo jalan bareng ğŸ¤­,positif
"@vhytaadam cieeee sampai pipinya merah @dk_wck @willy_photograph @syidiqabubakar , AMAAAT BODOH ğŸ¤£",positif
@ sineboy.art masih terngiang-ngiang di hatiku,negatif
"@sineboy.art sekarang di kamar dia tersenyum, sepertinya dia sendirian",positif
"@vhytaadam aww aww awwww merinding, ehkk",positif
"@vhytaadam apakah kamu benar-benar melakukan ini, apakah kamu benar-benar bodoh atau benarkah Valdo? ha ha ha",negatif
@vhytaadam Kooomeenn yang ceroboh di stand ini ğŸ˜‚,negatif
@ sineboy.art dodonya memang terlihat seperti itu,negatif
@vhytaadam Ibih pandai berenang e,negatif
Berapa meter kedalamannya?,netral
@allandferdinand kemarin berapa meter om @sineboy.art?,netral
"@roeang.kelana kelihatannya 2 meter gan, kalau bukan 2m mungkin 2km ğŸ¤£",netral
Yooo bisakah yooo kembali,positif
@ra_fitry apakah kamu rindu Valdo?,positif
Cantik sekaliğŸ˜,positif
"@hens4m ayolah, Kudu kadieuu",positif
"Pemandangannya indah, lain kali wajib kesini",positif
Surga yang tersembunyi ğŸ˜ğŸ˜ğŸ˜ğŸ˜,positif
"Kembalilah, dooooo",positif
@willy_photograph lusa sih ğŸ˜…,negatif
"Satu setengah jam dari rumah, tapi seumur hidup saya belum pernah ke sanağŸ˜‚",positif
"ğŸ¥², saya tidak tahu harus berkomentar apa",negatif
"Kembali ke Luwuk. Ketika kamu kembali, akulah yang akan kembali ke rumah.",positif
@hendrahermawan49 ahhh malas hahaha,negatif
Ayo....,positif
@dk_wck Throttle ke kanan,positif
ğŸ”¥ğŸ”¥ğŸ”¥tidak ada lawanğŸ˜‚,positif
Keren â¤ï¸,positif
Bagian 2 Kesepakatan atau tidak kesepakatan?,positif
@coconude___ KesepakatanğŸ˜„ğŸ«¶ğŸ»,positif
Harus kembali ğŸ˜ğŸ˜ğŸ˜,positif
@ckusumanarwasti harusğŸ˜,positif
@azniarc â¤ï¸â¤ï¸,positif
@mentariclara_ lain kali kita ke sini yğŸ¥°,positif
Fokus yang salah pada pelanggaran yang disebutkan pertama,negatif
"Ketika kepala desa di desa mantan saya, Dolo Barat, sebelum desa Pewunu, jika dia dari kota Palu, dana desanya atau dukungan pemerintah hanya diberikan kepada keluarga dan orang-orang terdekatnya, lalu dia mengatakan bahwa dia melakukan hal tersebut. tidak mencapai tujuan, katanya banyak mantan saya yang berhak tetapi tidak bisa. .",negatif
@ra_fitry apakah kamu rindu Valdo? ğŸ˜‚,positif
@dk_wck Gas Keunn,positif
Kereeeen â¤ï¸,positif